{
  "marketing_stripe": {
    "text": "VENDEMOS SOMENTE PRODUTOS ORIGINAIS, NOVOS E USADOS",
    "link": "/promotion"
  },
  "contacts_stripe": {
    "pages": [
      {
        "title": "KDA SHOPMUSIC A SUA LOJA DE MÚSICA !!!",
        "link": "/pages/sobre-nos"
      },
      {
        "title": "Esta loja é um PWA",
        "link": "/posts/esta-loja-e-um-pwa"
      }
    ],
    "phone_wpp": true,
    "socials": true
  },
  "categories_list": {
    "featured": [],
    "random": 6,
    "full_width": true
  },
  "search_input": true
}