{
  "meta_title": "",
  "meta_description": "",
  "sections": [
    {
      "type": "banner-slider",
      "autoplay": 9000,
      "slides": [
        {
          "img": "/img/uploads/rect89.webp",
          "link": "/headset",
          "alt": "Headset banner",
          "start": "2020-04-11T05:54:06.750Z",
          "end": "2020-12-31T03:00:00.000Z"
        },
        {
          "img": "/img/uploads/banner2.webp",
          "alt": "Banner sample two",
          "start": "",
          "end": ""
        }
      ]
    },
    {
      "type": "collection-shelf",
      "shuffle": false,
      "limit": 16,
      "page": 1,
      "sort": "news",
      "title": "ADICIONADOS RECENTEMENTE"
    },
    {
      "type": "collection-shelf",
      "shuffle": true,
      "collection_id": null,
      "limit": 12,
      "page": 1,
      "title": "MAIS VENDIDOS",
      "sort": "sales"
    },
    {
      "type": "collection-shelf",
      "shuffle": true,
      "limit": 12,
      "page": 1,
      "sort": "views",
      "title": "CATÁLOGO"
    },
    {
      "type": "page-title",
      "title": "KDA SHOP MUSIC",
      "description": "LOJA DE CDS, DVDS, BLURAYS E VINIL. NOVOS E USADOS"
    }
  ]
}